<?xml version='1.0' encoding='UTF-8' ?>
<timeLogEntries>
  <time id="1" path="/Non Project/PSP for Engineers/Program 1/Planning" start="@1456367895576" delta="5" flag="A" />
  <time id="2" path="/Non Project/PSP for Engineers/Program 1/Design" start="@1456368188511" delta="2" flag="A" />
  <time id="3" path="/Non Project/PSP for Engineers/Program 1/Code" start="@1456368318862" delta="12" flag="A" />
  <time id="4" path="/Non Project/PSP for Engineers/Program 1/Test" start="@1456369012172" delta="8" flag="A" />
  <time id="5" path="/Non Project/PSP for Engineers/Program 1/Design" start="@1456369511906" delta="15" flag="A" />
  <time id="6" path="/Non Project/PSP for Engineers/Program 1/Code" start="@1456370394521" delta="10" flag="A" />
  <time id="7" path="/Non Project/PSP for Engineers/Program 1/Design" start="@1456370966555" delta="19" flag="A" />
  <time id="8" path="/Non Project/PSP for Engineers/Program 1/Code" start="@1456372099910" delta="8" flag="A" />
  <time id="9" path="/Non Project/PSP for Engineers/Program 1/Compile" start="@1456372561576" delta="14" flag="A" />
  <time id="10" path="/Non Project/PSP for Engineers/Program 1/Test" start="@1456373404478" delta="18" flag="A" />
</timeLogEntries>
